publication_date,job_type,job,company,city,country
2023-01-19,external,Implementation Consultant (w/m/d) im Bereich MOM,Siemens,Koblenz, Germany
2023-03-09,external,"Sales, Product Application Specialist, Ultrasound (Northern, California- Sacramento Valley, Nevada)",Philips,Flexible / Remote,
2022-12-28,external,Projektleitung (w/m/d) Gebäudeautomation für Großraum Mainz,Siemens,Mainz, Germany
2023-01-11,external,Embedded Software Entwicklungsingenieur (w/m/d),Siemens,Amberg, Germany
2023-03-09,external,Technical Sales Professional (w/m/d),Siemens,Erlangen, Germany
2023-03-09,external,Office Coordinator,Adyen,Amsterdam, Netherlands
2023-03-14,external,Cloud Solution/Application Architect (w/m/d),Siemens,Nürnberg, Germany
2023-03-10,external,"Sales Support, Analyst - Image Guided Therapy Devices (Plymouth MN, Colorado Springs CO, Home Based)",Philips,Colorado Springs, CO
2023-02-09,external,Challenger Sales Campaign Manager (f-m-d),Siemens,Nürnberg, Germany
2022-12-22,external,Solution Architect - COMOS,Siemens,Houston, TX
2023-03-02,external,Senior IT Project Manager,Siemens,Philadelphia, PA
2023-03-07,external,"Group Product Manager, Banking payments methods ",Adyen,Amsterdam, Netherlands
2023-01-25,external,Werkstudent (w/m/d) strategischer Einkauf,Siemens,Erlangen, Germany
2023-01-19,external,"Service Specialist - Smart Buildings / Automation / HVAC Controls - Level I (Chantilly, VA)",Siemens,Chantilly, VA
2023-02-08,external,Duales Masterprogramm Steinbeis M.A. im Bereich Talent Acquisition,Siemens,Erlangen, Germany
2023-03-09,external,"Sales Specialist, Chronic Disease - N. New Jersey, N. PA, Upstate NY",Siemens,Flexible / Remote,
2022-12-07,external,Werkstudent*in (w/m/d) IT Leadership Communications,Siemens,Munich, Germany
2023-02-09,external,"Sr. Infrastructure Engineer, Enablement & Adoption",Siemens,Charlotte, NC
2023-03-07,external,Senior Full Stack Engineer,Celonis,United States,
2023-03-04,external,Lead software developer (C#),Siemens,Bangalore, India
